Koreansk,Dansk,Kategori,Pensum,Kilde,Rettet,Eksporter
Agwison,Runding mellem tommel- og pegefinger,Håndteknikker,1. kup,http://www.tangun.dk/images/stories/docs/1kup.pdf,FALSE,TRUE
Agwison,Runding mellem tommel- og pegefinger,Anatomi,Teori,https://www.taekwondo.dk/files/Forbund/Pensum/oversaettelser3.pdf,FALSE,FALSE
Ahope,Ni ( 9 ),Tal,4. kup,http://www.tangun.dk/images/stories/docs/4kup.pdf,FALSE,TRUE
An,Inderside/indadgående,Bevægelse,10. kup,http://www.tangun.dk/images/stories/docs/10kup.pdf,FALSE,TRUE
An,Indadgående,Bevægelse,Teori,https://www.taekwondo.dk/files/Forbund/Pensum/oversaettelser3.pdf,FALSE,FALSE
An palmok,Indersiden af underarmen,Anatomi,Teori,https://www.taekwondo.dk/files/Forbund/Pensum/oversaettelser3.pdf,FALSE,FALSE
An-chagi,Indadgående spark,Benteknikker,10. kup,http://www.tangun.dk/images/stories/docs/10kup.pdf,FALSE,TRUE
An-chung-joochoom-seogi,Indaddrejet hestestand,Stande,2. kup,http://www.tangun.dk/images/stories/docs/2kup.pdf,FALSE,TRUE
An-palmok,Inderside af underarm,Anatomi,8. kup,http://www.tangun.dk/images/stories/docs/8kup.pdf,TRUE,TRUE
Anchong-seogi,Hvilestand (fødder indad),Stande,5. kup,http://www.tangun.dk/images/stories/docs/5kup.pdf,FALSE,TRUE
Anpalmok hechyomakki,Adskille blokering m. indersiden af underarm,Håndteknikker,1. kup,http://www.tangun.dk/images/stories/docs/1kup.pdf,FALSE,TRUE
Anpalmok momtong bakatmakki,Udadgående blokering m. inderside af underarm,Håndteknikker,8. kup,http://www.tangun.dk/images/stories/docs/8kup.pdf,FALSE,TRUE
Anpalmok-hechyomakki,Midter sektion adskille blokering,Håndteknikker,1. dan,http://www.tangun.dk/images/stories/docs/1dan.pdf,FALSE,TRUE
Ap,Front,Diverse,10. kup,http://www.tangun.dk/images/stories/docs/10kup.pdf,FALSE,TRUE
Ap,Front,Anatomi,Teori,https://www.taekwondo.dk/files/Forbund/Pensum/oversaettelser3.pdf,FALSE,FALSE
Ap joochoom seogi,Kort hestestand,Stande,3. kup,null,FALSE,TRUE
Ap koa seogi,Forlæns krydsstand,Stande,Teori,https://www.taekwondo.dk/files/Forbund/Pensum/oversaettelser3.pdf,FALSE,FALSE
Ap seogi ,Kort stand,Stande,Teori,https://www.taekwondo.dk/files/Forbund/Pensum/oversaettelser3.pdf,FALSE,FALSE
Ap-chagi,Front spark,Benteknikker,10. kup,http://www.tangun.dk/images/stories/docs/10kup.pdf,FALSE,TRUE
Ap-koa-seogi,Forlæns krydsstand,Stande,6. kup,http://www.tangun.dk/images/stories/docs/6kup.pdf,FALSE,TRUE
Ap-seogi,Kort stand,Stande,10. kup,http://www.tangun.dk/images/stories/docs/10kup.pdf,FALSE,TRUE
Apchook,Fodballe,Anatomi,8. kup,http://www.tangun.dk/images/stories/docs/8kup.pdf,FALSE,TRUE
Apchook,Fodballe,Anatomi,Teori,https://www.taekwondo.dk/files/Forbund/Pensum/oversaettelser3.pdf,FALSE,FALSE
Apchook dollyo-chagi,"Cirkelspark, hvor der rammes m. fodballe",Benteknikker,8. kup,http://www.tangun.dk/images/stories/docs/8kup.pdf,FALSE,TRUE
Apchook-moa-seogi,Stand med samlet fødder(fødderne samles ved tæerne),Stande,5. kup,http://www.tangun.dk/images/stories/docs/5kup.pdf,FALSE,TRUE
Ape,Frem,Anatomi,Teori,https://www.taekwondo.dk/files/Forbund/Pensum/oversaettelser3.pdf,FALSE,FALSE
Apkoobi,Lang stand,Stande,10. kup,http://www.tangun.dk/images/stories/docs/10kup.pdf,FALSE,TRUE
Apooro ka,Gå frem,Bevægelse,Teori,https://www.taekwondo.dk/files/Forbund/Pensum/oversaettelser3.pdf,FALSE,TRUE
Arae,Lav sektion,Anatomi,10. kup,http://www.tangun.dk/images/stories/docs/10kup.pdf,FALSE,TRUE
Arae,Lav sektion,Anatomi,Teori,https://www.taekwondo.dk/files/Forbund/Pensum/oversaettelser3.pdf,FALSE,FALSE
Arae hechyomakki,Lav sektion “adskille” blokering,Håndteknikker,10. kup,http://www.tangun.dk/images/stories/docs/10kup.pdf,FALSE,TRUE
Arae jireugi,Slag lav sektion,Håndteknikker,10. kup,http://www.tangun.dk/images/stories/docs/10kup.pdf,FALSE,TRUE
Arae-makki,Lav sektion blokering,Håndteknikker,10. kup,http://www.tangun.dk/images/stories/docs/10kup.pdf,FALSE,TRUE
Baesim,Overdommer,Kamp,Teori,https://www.taekwondo.dk/files/Forbund/Pensum/oversaettelser3.pdf,FALSE,TRUE
Bakat,Yderside/udadgående,Bevægelse,10. kup,http://www.tangun.dk/images/stories/docs/10kup.pdf,FALSE,TRUE
Bakat palmok,Ydersiden af underarmen,Anatomi,Teori,https://www.taekwondo.dk/files/Forbund/Pensum/oversaettelser3.pdf,FALSE,FALSE
Bakat-chagi,Udadgående spark,Benteknikker,10. kup,http://www.tangun.dk/images/stories/docs/10kup.pdf,FALSE,TRUE
Bakat-palmok,Yderside af underarm,Anatomi,8. kup,http://www.tangun.dk/images/stories/docs/8kup.pdf,TRUE,TRUE
Bakkat,Udadgående,Bevægelse,Teori,https://www.taekwondo.dk/files/Forbund/Pensum/oversaettelser3.pdf,FALSE,FALSE
Bal,Fod,Anatomi,Teori,https://www.taekwondo.dk/files/Forbund/Pensum/oversaettelser3.pdf,FALSE,TRUE
Balbadak,Fodsål,Anatomi,7. kup,http://www.tangun.dk/images/stories/docs/7kup.pdf,FALSE,TRUE
Balbadak,Fodsål,Anatomi,Teori,https://www.taekwondo.dk/files/Forbund/Pensum/oversaettelser3.pdf,FALSE,FALSE
Baldeung,Vrist,Anatomi,9. kup,http://www.tangun.dk/images/stories/docs/9kup.pdf,FALSE,TRUE
Baldeung,Vrist,Anatomi,Teori,https://www.taekwondo.dk/files/Forbund/Pensum/oversaettelser3.pdf,FALSE,FALSE
Baldeung dollyo-chagi,"Cirkelspark, hvor der rammes m. vrist",Benteknikker,9. kup,http://www.tangun.dk/images/stories/docs/9kup.pdf,FALSE,TRUE
Balkeut,Tåspidser,Anatomi,5. kup,http://www.tangun.dk/images/stories/docs/5kup.pdf,FALSE,TRUE
Balkeut,Tåspidser,Anatomi,Teori,https://www.taekwondo.dk/files/Forbund/Pensum/oversaettelser3.pdf,FALSE,FALSE
Balmok,Fodled,Anatomi,Teori,https://www.taekwondo.dk/files/Forbund/Pensum/oversaettelser3.pdf,FALSE,TRUE
Balnal,Knivfod,Benteknikker,8. kup,http://www.tangun.dk/images/stories/docs/8kup.pdf,FALSE,TRUE
Balnal,Knivfod,Anatomi,Teori,https://www.taekwondo.dk/files/Forbund/Pensum/oversaettelser3.pdf,FALSE,FALSE
Balnal deung,Inderside af fod,Anatomi,3. kup,null,FALSE,TRUE
Balnaldeung,Modsat knivfod,Anatomi,Teori,https://www.taekwondo.dk/files/Forbund/Pensum/oversaettelser3.pdf,FALSE,FALSE
Bam Jomeok,Kastanjenæve,Håndteknikker,Teori,https://www.taekwondo.dk/files/Forbund/Pensum/oversaettelser3.pdf,FALSE,FALSE
Bandae,Samme,Diverse,Teori,https://www.taekwondo.dk/files/Forbund/Pensum/oversaettelser3.pdf,FALSE,TRUE
Bandae jireugi,Slag samme hånd/ben,Håndteknikker,9. kup,http://www.tangun.dk/images/stories/docs/9kup.pdf,FALSE,TRUE
Bandal-chagi,Halvmånespark,Benteknikker,7. kup,http://www.tangun.dk/images/stories/docs/7kup.pdf,FALSE,TRUE
Bang-oh,Forsvar,Kamp,Teori,https://www.taekwondo.dk/files/Forbund/Pensum/oversaettelser3.pdf,FALSE,TRUE
Baro,Modsat,Diverse,Teori,https://www.taekwondo.dk/files/Forbund/Pensum/oversaettelser3.pdf,FALSE,TRUE
Baro jireugi,Slag modsat hånd/ben,Håndteknikker,9. kup,http://www.tangun.dk/images/stories/docs/9kup.pdf,FALSE,TRUE
Batangson,Håndrod,Anatomi,7. kup,http://www.tangun.dk/images/stories/docs/7kup.pdf,FALSE,TRUE
Batangson,Håndrod,Anatomi,Teori,https://www.taekwondo.dk/files/Forbund/Pensum/oversaettelser3.pdf,FALSE,FALSE
Batangson geodureo momtong anmakki,Håndrods blokering m. støtte (som i T7),Håndteknikker,4. kup,http://www.tangun.dk/images/stories/docs/4kup.pdf,FALSE,TRUE
Batangson momtong anmakki,"Håndrodsblokering, modsat forreste ben",Håndteknikker,4. kup,http://www.tangun.dk/images/stories/docs/4kup.pdf,FALSE,TRUE
Batangson momtong nulleomakki,Nedadgående blokering m. håndrod,Håndteknikker,7. kup,http://www.tangun.dk/images/stories/docs/7kup.pdf,FALSE,TRUE
Batangson momtongmakki,Håndrods blokering i midter sektion,Håndteknikker,5. kup,http://www.tangun.dk/images/stories/docs/5kup.pdf,FALSE,TRUE
Batangson teok chigi,Slag mod hage m. håndrod,Håndteknikker,1. dan,http://www.tangun.dk/images/stories/docs/1dan.pdf,FALSE,TRUE
Bawi milgi,Skubber en stor sten,Håndteknikker,Teori,https://www.taekwondo.dk/files/Forbund/Pensum/oversaettelser3.pdf,FALSE,TRUE
Beodeo,Bøje stræk,Bevægelse,Teori,https://www.taekwondo.dk/files/Forbund/Pensum/oversaettelser3.pdf,FALSE,FALSE
Beodeo-chagi,Bøje-stræk spark,Benteknikker,6. kup,http://www.tangun.dk/images/stories/docs/6kup.pdf,FALSE,TRUE
Beom Sa Nim,8. Dan og opefter,Diverse,Teori,https://www.taekwondo.dk/files/Forbund/Pensum/oversaettelser3.pdf,FALSE,FALSE
Beom seogi,Tigerstand,Stande,Teori,https://www.taekwondo.dk/files/Forbund/Pensum/oversaettelser3.pdf,FALSE,FALSE
Beom-seogi,Tigerstand,Stande,4. kup,http://www.tangun.dk/images/stories/docs/4kup.pdf,FALSE,TRUE
Bigim,Uafgjort,Kamp,Teori,https://www.taekwondo.dk/files/Forbund/Pensum/oversaettelser3.pdf,FALSE,TRUE
Biteureo,Vride,Bevægelse,Teori,https://www.taekwondo.dk/files/Forbund/Pensum/oversaettelser3.pdf,FALSE,FALSE
Biteureo-chagi,Vridespark,Benteknikker,6. kup,http://www.tangun.dk/images/stories/docs/6kup.pdf,FALSE,TRUE
Bo jomeok joonbi seogi,Dækket næve stand,Stande,Teori,https://www.taekwondo.dk/files/Forbund/Pensum/oversaettelser3.pdf,FALSE,FALSE
Bo jumeok,Dækketnæve,Håndteknikker,4. kup,http://www.tangun.dk/images/stories/docs/4kup.pdf,FALSE,TRUE
Boosim,Hjørnedommer,Kamp,Teori,https://www.taekwondo.dk/files/Forbund/Pensum/oversaettelser3.pdf,FALSE,TRUE
Budoka,Kampsportsudøver,Kamp,Teori,https://www.taekwondo.dk/files/Forbund/Pensum/oversaettelser3.pdf,FALSE,TRUE
Ch´ot madi,Yderste fingerled,Anatomi,Teori,https://www.taekwondo.dk/files/Forbund/Pensum/oversaettelser3.pdf,FALSE,FALSE
Cha Yang Cha,Venstre om,Bevægelse,Teori,https://www.taekwondo.dk/files/Forbund/Pensum/oversaettelser3.pdf,FALSE,FALSE
Cha yang wu,Vend mod træner/makker,Bevægelse,Teori,https://www.taekwondo.dk/files/Forbund/Pensum/oversaettelser3.pdf,FALSE,TRUE
Cha Yang Wu,Front mod hinanden,Stande,Teori,https://www.taekwondo.dk/files/Forbund/Pensum/oversaettelser3.pdf,FALSE,FALSE
Chagi,Spark,Benteknikker,10. kup,http://www.tangun.dk/images/stories/docs/10kup.pdf,FALSE,TRUE
Chagi,Spark,Benteknikker,Teori,https://www.taekwondo.dk/files/Forbund/Pensum/oversaettelser3.pdf,FALSE,FALSE
Charoka,Gå til siden,Bevægelse,Teori,https://www.taekwondo.dk/files/Forbund/Pensum/oversaettelser3.pdf,FALSE,FALSE
Charyeo,Indtag hilsestand,Stande,10. kup,http://www.tangun.dk/images/stories/docs/10kup.pdf,FALSE,TRUE
Charyot,Indtag retstand,Stande,Teori,https://www.taekwondo.dk/files/Forbund/Pensum/oversaettelser3.pdf,FALSE,FALSE
Chigi,Slag fra skulderen,Håndteknikker,9. kup,http://www.tangun.dk/images/stories/docs/9kup.pdf,FALSE,TRUE
Chigi,Stange/slag i cirkelbevægelse,Håndteknikker,Teori,https://www.taekwondo.dk/files/Forbund/Pensum/oversaettelser3.pdf,FALSE,FALSE
Chill,Syvende ( 7. ),Tal,4. kup,http://www.tangun.dk/images/stories/docs/4kup.pdf,FALSE,TRUE
Chireugi,Stikslag,Håndteknikker,7. kup,http://www.tangun.dk/images/stories/docs/7kup.pdf,FALSE,TRUE
Chireugi,Stikke,Håndteknikker,Teori,https://www.taekwondo.dk/files/Forbund/Pensum/oversaettelser3.pdf,FALSE,FALSE
Cho Kyo Nim,Træner under 1. Dan,Diverse,Teori,https://www.taekwondo.dk/files/Forbund/Pensum/oversaettelser3.pdf,FALSE,FALSE
Choombi,Indtag klarstand,Stande,Teori,https://www.taekwondo.dk/files/Forbund/Pensum/oversaettelser3.pdf,FALSE,FALSE
Da bang hyang chagi,Tre eller flere flyvende spark mod forskellige mål,Benteknikker,Teori,https://www.taekwondo.dk/files/Forbund/Pensum/oversaettelser3.pdf,FALSE,FALSE
Dan,Mestergrad,Diverse,Teori,https://www.taekwondo.dk/files/Forbund/Pensum/oversaettelser3.pdf,FALSE,TRUE
Dan gyo teok-chigi,En hånd trækker og den anden udfører ap-chigi (deung-jumeok),Håndteknikker,3. dan,http://www.tangun.dk/images/stories/docs/3dan.pdf,FALSE,TRUE
Danggyeo,Trække,Håndteknikker,3. kup,null,FALSE,TRUE
Danggyeo teok jireugi,Træk med en hånd og opadgående slag med den anden hånd mod hage,Håndteknikker,3. kup,null,FALSE,TRUE
Dangyo,Træk,Bevægelse,Teori,https://www.taekwondo.dk/files/Forbund/Pensum/oversaettelser3.pdf,FALSE,TRUE
Danjeun,Mellemgulv,Anatomi,Teori,https://www.taekwondo.dk/files/Forbund/Pensum/oversaettelser3.pdf,FALSE,TRUE
Dari,Ben,Anatomi,6. kup,http://www.tangun.dk/images/stories/docs/6kup.pdf,FALSE,TRUE
Dari,Ben,Anatomi,Teori,https://www.taekwondo.dk/files/Forbund/Pensum/oversaettelser3.pdf,FALSE,FALSE
Deung,Omvendt,Diverse,Teori,https://www.taekwondo.dk/files/Forbund/Pensum/oversaettelser3.pdf,FALSE,TRUE
Deung joomeok,Håndryggen/overside af knyttet næve,Anatomi,Teori,https://www.taekwondo.dk/files/Forbund/Pensum/oversaettelser3.pdf,FALSE,FALSE
Deung palmok,Forsiden af underarmen,Anatomi,Teori,https://www.taekwondo.dk/files/Forbund/Pensum/oversaettelser3.pdf,FALSE,TRUE
Deung-jumeok,Oversiden af knyttet hånd,Anatomi,7. kup,http://www.tangun.dk/images/stories/docs/7kup.pdf,FALSE,TRUE
Deung-jumeok ap-chigi,Front slag (omvendt knoslag),Håndteknikker,7. kup,http://www.tangun.dk/images/stories/docs/7kup.pdf,FALSE,TRUE
Dirro,Bevæge bagud,Bevægelse,Teori,https://www.taekwondo.dk/files/Forbund/Pensum/oversaettelser3.pdf,FALSE,TRUE
Dirro dorra,180 graders vending,Bevægelse,10. kup,http://www.tangun.dk/images/stories/docs/10kup.pdf,FALSE,TRUE
Dirro Dorra,180 graders vending,Bevægelse,Teori,https://www.taekwondo.dk/files/Forbund/Pensum/oversaettelser3.pdf,FALSE,FALSE
Dirro Dorra ka,Vend om og gå,Bevægelse,Teori,https://www.taekwondo.dk/files/Forbund/Pensum/oversaettelser3.pdf,FALSE,TRUE
Dirro ka,Gå baglæns,Bevægelse,Teori,https://www.taekwondo.dk/files/Forbund/Pensum/oversaettelser3.pdf,FALSE,TRUE
Do,Vej/Kunst,Diverse,Teori,https://www.taekwondo.dk/files/Forbund/Pensum/oversaettelser3.pdf,FALSE,FALSE
Do jang,Taekwondo træningssal,Diverse,10. kup,http://www.tangun.dk/images/stories/docs/10kup.pdf,FALSE,TRUE
Dobog,Taekwondo dragt,Diverse,10. kup,http://www.tangun.dk/images/stories/docs/10kup.pdf,FALSE,TRUE
Dobog,Dragt,Diverse,Teori,https://www.taekwondo.dk/files/Forbund/Pensum/oversaettelser3.pdf,FALSE,FALSE
Dobog gaeneun beob,Måden man lægger sin dobog sammen på,Diverse,Teori,https://www.taekwondo.dk/files/Forbund/Pensum/oversaettelser3.pdf,FALSE,FALSE
Dojang,Træningssal,Diverse,Teori,https://www.taekwondo.dk/files/Forbund/Pensum/oversaettelser3.pdf,FALSE,FALSE
Dolgi,Dreje,Bevægelse,Teori,https://www.taekwondo.dk/files/Forbund/Pensum/oversaettelser3.pdf,FALSE,TRUE
Dollyo,Cirkel,Diverse,9. kup,http://www.tangun.dk/images/stories/docs/9kup.pdf,FALSE,TRUE
Dollyo,Cirkel,Bevægelse,Teori,https://www.taekwondo.dk/files/Forbund/Pensum/oversaettelser3.pdf,FALSE,TRUE
Doo baldangsang chagi,To flyvende spark efter hinanden (falsk spark først),Benteknikker,Teori,https://www.taekwondo.dk/files/Forbund/Pensum/oversaettelser3.pdf,TRUE,TRUE
Doo bon,2 eller dobbelt slag,Håndteknikker,7. kup,http://www.tangun.dk/images/stories/docs/7kup.pdf,FALSE,TRUE
Doo bon momtong jireugi,Dobbelt slag,Håndteknikker,8. kup,http://www.tangun.dk/images/stories/docs/8kup.pdf,FALSE,TRUE
Doo jumeok,Dobbelt knytnæve,Håndteknikker,4. kup,http://www.tangun.dk/images/stories/docs/4kup.pdf,FALSE,TRUE
Doo jumeok jecheo jireugi,Dobbelt slag m. knyttet næve m. håndfl aden opad,Håndteknikker,4. kup,http://www.tangun.dk/images/stories/docs/4kup.pdf,FALSE,TRUE
Doobal dangsang chagi,"To spark efter hinanden i luften, hvor det først er et falsk spark",Benteknikker,3. kup,null,FALSE,TRUE
Doobeon,Dobbelt,Diverse,Teori,https://www.taekwondo.dk/files/Forbund/Pensum/oversaettelser3.pdf,FALSE,FALSE
DTaF,Dansk Taekwondo Forbund,Diverse,Teori,https://www.taekwondo.dk/files/Forbund/Pensum/oversaettelser3.pdf,FALSE,FALSE
DTF,Dansk Taekwondo Forbund,Diverse,9. kup,http://www.tangun.dk/images/stories/docs/9kup.pdf,FALSE,TRUE
Du tchae madi,Mellemste fingerled,Anatomi,Teori,https://www.taekwondo.dk/files/Forbund/Pensum/oversaettelser3.pdf,FALSE,FALSE
Dul,To ( 2 ),Tal,9. kup,http://www.tangun.dk/images/stories/docs/9kup.pdf,FALSE,TRUE
Dwichook,Underside af hæl,Anatomi,9. kup,http://www.tangun.dk/images/stories/docs/9kup.pdf,FALSE,TRUE
Dwichook,Underside af hæl,Anatomi,Teori,https://www.taekwondo.dk/files/Forbund/Pensum/oversaettelser3.pdf,FALSE,FALSE
Dwichook-moa-seogi,Stand med samlede hæle (hilsestand),Stande,10. kup,http://www.tangun.dk/images/stories/docs/10kup.pdf,FALSE,TRUE
Dwit,Bagud / Baglæns,Bevægelse,Teori,https://www.taekwondo.dk/files/Forbund/Pensum/oversaettelser3.pdf,FALSE,TRUE
Dwit koa seogi,Støttestand,Stande,Teori,https://www.taekwondo.dk/files/Forbund/Pensum/oversaettelser3.pdf,FALSE,FALSE
Dwit koomchi,Bagside af hæl,Anatomi,Teori,https://www.taekwondo.dk/files/Forbund/Pensum/oversaettelser3.pdf,FALSE,FALSE
Dwit-chagi,Bagud spark,Benteknikker,7. kup,http://www.tangun.dk/images/stories/docs/7kup.pdf,FALSE,TRUE
Dwit-koa-seogi,Støttestand,Stande,6. kup,http://www.tangun.dk/images/stories/docs/6kup.pdf,FALSE,TRUE
Dwit-koobi,Sidestand,Stande,8. kup,http://www.tangun.dk/images/stories/docs/8kup.pdf,FALSE,TRUE
Dwitkoomchi,Hæl,Anatomi,5. kup,http://www.tangun.dk/images/stories/docs/5kup.pdf,FALSE,TRUE
Dwitmok,Nakke,Anatomi,Teori,https://www.taekwondo.dk/files/Forbund/Pensum/oversaettelser3.pdf,FALSE,TRUE
Eolgool,Høj sektion,Anatomi,Teori,https://www.taekwondo.dk/files/Forbund/Pensum/oversaettelser3.pdf,FALSE,FALSE
Eolgul,Høj sektion,Anatomi,10. kup,http://www.tangun.dk/images/stories/docs/10kup.pdf,FALSE,TRUE
Eolgul bakatchigi,Udadgående slag m. deung-jumeok,Håndteknikker,4. kup,http://www.tangun.dk/images/stories/docs/4kup.pdf,FALSE,TRUE
Eolgul bakatmakki,Udadgående blokering i høj sektion,Håndteknikker,5. kup,http://www.tangun.dk/images/stories/docs/5kup.pdf,FALSE,TRUE
Eolgul jireugi,Slag høj sektion,Håndteknikker,10. kup,http://www.tangun.dk/images/stories/docs/10kup.pdf,FALSE,TRUE
Eolgulmakki,Høj sektion blokering,Håndteknikker,10. kup,http://www.tangun.dk/images/stories/docs/10kup.pdf,FALSE,TRUE
Eotgeoreo,Kryds,Diverse,4. kup,http://www.tangun.dk/images/stories/docs/4kup.pdf,FALSE,TRUE
Eotgeoreo,Kryds,Diverse,Teori,https://www.taekwondo.dk/files/Forbund/Pensum/oversaettelser3.pdf,FALSE,FALSE
Eotgeoreo araemakki,Krydshånds blokering i lav sektion,Håndteknikker,4. kup,http://www.tangun.dk/images/stories/docs/4kup.pdf,FALSE,TRUE
ETU,European Taekwondo Union,Diverse,8. kup,http://www.tangun.dk/images/stories/docs/8kup.pdf,FALSE,TRUE
ETU,Europæisk Taekwondo Union,Diverse,Teori,https://www.taekwondo.dk/files/Forbund/Pensum/oversaettelser3.pdf,FALSE,FALSE
Gam jeom,Ulovlig angreb til minuspoint,Kamp,Teori,https://www.taekwondo.dk/files/Forbund/Pensum/oversaettelser3.pdf,FALSE,TRUE
Gan,Lever,Anatomi,Teori,https://www.taekwondo.dk/files/Forbund/Pensum/oversaettelser3.pdf,FALSE,TRUE
Gaseum,Bryst,Anatomi,Teori,https://www.taekwondo.dk/files/Forbund/Pensum/oversaettelser3.pdf,FALSE,TRUE
Gawi,Saks,Diverse,4. kup,http://www.tangun.dk/images/stories/docs/4kup.pdf,FALSE,TRUE
Gawi,Saks,Diverse,Teori,https://www.taekwondo.dk/files/Forbund/Pensum/oversaettelser3.pdf,FALSE,FALSE
Gawi makki,Sakse blokering,Håndteknikker,4. kup,http://www.tangun.dk/images/stories/docs/4kup.pdf,FALSE,TRUE
Gawi sonkeut,Sakse fingerstik,Håndteknikker,Teori,https://www.taekwondo.dk/files/Forbund/Pensum/oversaettelser3.pdf,FALSE,FALSE
Gawison keut,Sakse-fingerstik,Håndteknikker,2. kup,http://www.tangun.dk/images/stories/docs/2kup.pdf,FALSE,TRUE
Geodeup chagi,To spark m. samme ben,Benteknikker,4. kup,http://www.tangun.dk/images/stories/docs/4kup.pdf,FALSE,TRUE
Geodeup chagi,To spark med samme ben (samme sparketeknik),Benteknikker,Teori,https://www.taekwondo.dk/files/Forbund/Pensum/oversaettelser3.pdf,FALSE,FALSE
Geodeureo,Støtte,Diverse,4. kup,http://www.tangun.dk/images/stories/docs/4kup.pdf,FALSE,TRUE
Geodeureo arae makki,Blokering i lav sektion med støtte,Håndteknikker,3. kup,null,FALSE,TRUE
Geodeureo deung-jumeok eolgul apchigi,Omvendt knoslag i høj sektion m. støtte (som i T7),Håndteknikker,4. kup,http://www.tangun.dk/images/stories/docs/4kup.pdf,FALSE,TRUE
Geodeureo momtong makki,Blokering i midtersektion med støtte,Håndteknikker,3. kup,null,FALSE,TRUE
Geodeuro eolgol yeop makki,Høj hjælpe side blokering,Håndteknikker,3. dan,http://www.tangun.dk/images/stories/docs/3dan.pdf,FALSE,TRUE
Geuman,Stop,Diverse,Teori,https://www.taekwondo.dk/files/Forbund/Pensum/oversaettelser3.pdf,FALSE,FALSE
Gibon-joonbi-seogi,Klarstand ved grundteknik,Stande,10. kup,http://www.tangun.dk/images/stories/docs/10kup.pdf,FALSE,TRUE
Gomson,Bjørnehånd,Håndteknikker,4. kup,http://www.tangun.dk/images/stories/docs/4kup.pdf,FALSE,TRUE
Gomson,Bjørneklo/Bjørnehånd,Benteknikker,Teori,https://www.taekwondo.dk/files/Forbund/Pensum/oversaettelser3.pdf,FALSE,FALSE
Goolleo chagi,Trampe spark,Benteknikker,Teori,https://www.taekwondo.dk/files/Forbund/Pensum/oversaettelser3.pdf,FALSE,FALSE
Goolleo-chagi,Trampe spark,Benteknikker,5. kup,http://www.tangun.dk/images/stories/docs/5kup.pdf,FALSE,TRUE
Gubhin sonmok chigi,Opadgående håndrygsslag mod f.eks. hage),Håndteknikker,Teori,https://www.taekwondo.dk/files/Forbund/Pensum/oversaettelser3.pdf,FALSE,FALSE
Gwan ja nori,Tinding,Anatomi,Teori,https://www.taekwondo.dk/files/Forbund/Pensum/oversaettelser3.pdf,FALSE,TRUE
Gwe,Bjælkesymbol (i koreansk flag),Diverse,Teori,https://www.taekwondo.dk/files/Forbund/Pensum/oversaettelser3.pdf,FALSE,FALSE
Gwi,Øre,Anatomi,Teori,https://www.taekwondo.dk/files/Forbund/Pensum/oversaettelser3.pdf,FALSE,TRUE
Gyesok,Fortsæt,Diverse,7. kup,http://www.tangun.dk/images/stories/docs/7kup.pdf,FALSE,TRUE
Gyop son,Folde hænder,Håndteknikker,Teori,https://www.taekwondo.dk/files/Forbund/Pensum/oversaettelser3.pdf,FALSE,FALSE
Gyopson joonbi seogi,Dækket hånd klarstand,Stande,Teori,https://www.taekwondo.dk/files/Forbund/Pensum/oversaettelser3.pdf,FALSE,FALSE
Gyottari seogi,Hjælpe stand,Stande,Teori,https://www.taekwondo.dk/files/Forbund/Pensum/oversaettelser3.pdf,FALSE,FALSE
Gyottari-seogi,Hjælpestand,Stande,1. kup,http://www.tangun.dk/images/stories/docs/1kup.pdf,FALSE,TRUE
Ha-i,Bukser til dobog,Diverse,Teori,https://www.taekwondo.dk/files/Forbund/Pensum/oversaettelser3.pdf,FALSE,FALSE
Haktari dolcheogi,Storke hængsel,Håndteknikker,Teori,https://www.taekwondo.dk/files/Forbund/Pensum/oversaettelser3.pdf,FALSE,FALSE
Haktari seogi,Tranestand,Stande,Teori,https://www.taekwondo.dk/files/Forbund/Pensum/oversaettelser3.pdf,FALSE,FALSE
Haktari-seogi,Tranestand,Stande,1. dan,http://www.tangun.dk/images/stories/docs/1dan.pdf,FALSE,TRUE
Hanbon Kireugi,Et skridts kamp,Kamp,Teori,https://www.taekwondo.dk/files/Forbund/Pensum/oversaettelser3.pdf,FALSE,TRUE
Hanna,En ( 1 ),Tal,9. kup,http://www.tangun.dk/images/stories/docs/9kup.pdf,FALSE,TRUE
Hanson keut,Enkelt-fingerstik,Håndteknikker,2. kup,http://www.tangun.dk/images/stories/docs/2kup.pdf,FALSE,TRUE
Hanson keut,Enkelt fingerstik,Håndteknikker,Teori,https://www.taekwondo.dk/files/Forbund/Pensum/oversaettelser3.pdf,FALSE,FALSE
Hansonnal,Enkelt knivhånd,Håndteknikker,Teori,https://www.taekwondo.dk/files/Forbund/Pensum/oversaettelser3.pdf,FALSE,FALSE
Hansonnal araemakki,Enkelt knivhånds blokering i lav sektion,Håndteknikker,2. kup,http://www.tangun.dk/images/stories/docs/2kup.pdf,FALSE,TRUE
Hansonnal eolgol anchigi,Slag med knivhånd i høj sektion,Håndteknikker,8. kup,http://www.tangun.dk/images/stories/docs/8kup.pdf,TRUE,TRUE
Hansonnal eolgul biteureomakki,Vride blokering m. enkelt knivhånd,Håndteknikker,5. kup,http://www.tangun.dk/images/stories/docs/5kup.pdf,FALSE,TRUE
Hansonnal jebipoom mok-chigi,"Slag mod hals (modsat arm og ben), håndfl aden op",Håndteknikker,8. kup,http://www.tangun.dk/images/stories/docs/8kup.pdf,FALSE,TRUE
Hansonnal momtong bakatmakki,Enkelt knivhånds blokering,Håndteknikker,8. kup,http://www.tangun.dk/images/stories/docs/8kup.pdf,FALSE,TRUE
Hansonnal momtong makki,Enkelt knivhåndsblokering,Håndteknikker,1. dan,http://www.tangun.dk/images/stories/docs/1dan.pdf,FALSE,TRUE
Hansonnal momtong yeopmakki,Enkelt knivhånds blokering til siden,Håndteknikker,7. kup,http://www.tangun.dk/images/stories/docs/7kup.pdf,FALSE,TRUE
Hechyo,Adskille,Bevægelse,Teori,https://www.taekwondo.dk/files/Forbund/Pensum/oversaettelser3.pdf,FALSE,TRUE
Hechyo santeul makki,Adskille bjerg blokering,Håndteknikker,3. dan,http://www.tangun.dk/images/stories/docs/3dan.pdf,FALSE,TRUE
Ho,Forsvare/beskytte,Diverse,Teori,https://www.taekwondo.dk/files/Forbund/Pensum/oversaettelser3.pdf,FALSE,FALSE
Ho-goo,Kampvest,Kamp,Teori,https://www.taekwondo.dk/files/Forbund/Pensum/oversaettelser3.pdf,FALSE,TRUE
Ho-hop,Ånde,Diverse,Teori,https://www.taekwondo.dk/files/Forbund/Pensum/oversaettelser3.pdf,FALSE,FALSE
Hong,Rød,Kamp,Teori,https://www.taekwondo.dk/files/Forbund/Pensum/oversaettelser3.pdf,FALSE,TRUE
Hooryo chagi,Sving spark,Benteknikker,Teori,https://www.taekwondo.dk/files/Forbund/Pensum/oversaettelser3.pdf,FALSE,FALSE
Hooryo-chagi,Sving spark,Benteknikker,5. kup,http://www.tangun.dk/images/stories/docs/5kup.pdf,FALSE,TRUE
Hosinsul,Selvforsvar,Diverse,Teori,https://www.taekwondo.dk/files/Forbund/Pensum/oversaettelser3.pdf,FALSE,FALSE
Hwangso makki,Okse blokering,Håndteknikker,Teori,https://www.taekwondo.dk/files/Forbund/Pensum/oversaettelser3.pdf,FALSE,FALSE
Ieo chagi,To spark lige efter hinanden (samme spark med hver sit ben),Benteknikker,Teori,https://www.taekwondo.dk/files/Forbund/Pensum/oversaettelser3.pdf,FALSE,TRUE
Ieo seokeo-chagi,"To spark lige efter hinanden forskellig teknikker (først det ene ben, så det andet)",Benteknikker,5. kup,http://www.tangun.dk/images/stories/docs/5kup.pdf,FALSE,TRUE
Ieo sokeo chagi,To spark lige efter hinanden (forskellige spark med hver sit ben),Benteknikker,Teori,https://www.taekwondo.dk/files/Forbund/Pensum/oversaettelser3.pdf,FALSE,FALSE
Ieo-chagi,"To spark lige efter hinanden m. samme teknik (først det ene ben, så det andet)",Benteknikker,6. kup,http://www.tangun.dk/images/stories/docs/6kup.pdf,FALSE,TRUE
Il,Første ( 1. ),Tal,9. kup,http://www.tangun.dk/images/stories/docs/9kup.pdf,FALSE,TRUE
Il hoe jeon,Første runde,Kamp,Teori,https://www.taekwondo.dk/files/Forbund/Pensum/oversaettelser3.pdf,FALSE,TRUE
Ilga chagi,Samtidigt flyvende dobbeltspark,Benteknikker,Teori,https://www.taekwondo.dk/files/Forbund/Pensum/oversaettelser3.pdf,FALSE,TRUE
Ilkup,syv ( 7 ),Tal,6. kup,http://www.tangun.dk/images/stories/docs/6kup.pdf,FALSE,TRUE
In hoe jeon,Anden runde,Kamp,Teori,https://www.taekwondo.dk/files/Forbund/Pensum/oversaettelser3.pdf,FALSE,TRUE
In Hu,Strubehoved,Anatomi,Teori,https://www.taekwondo.dk/files/Forbund/Pensum/oversaettelser3.pdf,FALSE,FALSE
Inchung,Punkt under næsen,Anatomi,Teori,https://www.taekwondo.dk/files/Forbund/Pensum/oversaettelser3.pdf,FALSE,FALSE
Jageun dolcheogi,Lille hængsel,Håndteknikker,2. dan,http://www.tangun.dk/images/stories/docs/2dan.pdf,FALSE,TRUE
Jageun dolcheogi,Lille hængsel,Håndteknikker,Teori,https://www.taekwondo.dk/files/Forbund/Pensum/oversaettelser3.pdf,FALSE,FALSE
Jang danji,Læggen,Anatomi,Teori,https://www.taekwondo.dk/files/Forbund/Pensum/oversaettelser3.pdf,FALSE,FALSE
Japko chagi,Holde spark,Benteknikker,Teori,https://www.taekwondo.dk/files/Forbund/Pensum/oversaettelser3.pdf,FALSE,FALSE
Jebipoom,Svaleteknik,Håndteknikker,8. kup,http://www.tangun.dk/images/stories/docs/8kup.pdf,FALSE,TRUE
Jebipoom mok-chigi,Slag mod hals – Svaleteknik,Håndteknikker,7. kup,http://www.tangun.dk/images/stories/docs/7kup.pdf,FALSE,TRUE
Jeochyo,Håndryggen nedad,Håndteknikker,Teori,https://www.taekwondo.dk/files/Forbund/Pensum/oversaettelser3.pdf,FALSE,FALSE
Jeochyo pyonsonkeut,Håndfladen opad (fingerstik),Håndteknikker,1. kup,http://www.tangun.dk/images/stories/docs/1kup.pdf,FALSE,TRUE
Jeon,Runde,Kamp,Teori,https://www.taekwondo.dk/files/Forbund/Pensum/oversaettelser3.pdf,FALSE,TRUE
Jeong kangii,Skinnebenet,Anatomi,Teori,https://www.taekwondo.dk/files/Forbund/Pensum/oversaettelser3.pdf,FALSE,TRUE
Jepipoom,Svaleform,Håndteknikker,Teori,https://www.taekwondo.dk/files/Forbund/Pensum/oversaettelser3.pdf,FALSE,FALSE
Jibge Jomeok,Pincetnæve,Håndteknikker,Teori,https://www.taekwondo.dk/files/Forbund/Pensum/oversaettelser3.pdf,FALSE,FALSE
Jibge jumeok,Pinsetnæve,Håndteknikker,2. kup,http://www.tangun.dk/images/stories/docs/2kup.pdf,FALSE,TRUE
Jibge sonkarak,Pegefinger,Anatomi,Teori,https://www.taekwondo.dk/files/Forbund/Pensum/oversaettelser3.pdf,FALSE,FALSE
Jijjigki,Stamp/tramp/pulverisere,Benteknikker,Teori,https://www.taekwondo.dk/files/Forbund/Pensum/oversaettelser3.pdf,FALSE,TRUE
Jireugi,Slag fra hoften m. knyttet hånd,Håndteknikker,10. kup,http://www.tangun.dk/images/stories/docs/10kup.pdf,FALSE,TRUE
Jireugi,Slag fra bæltested,Håndteknikker,Teori,https://www.taekwondo.dk/files/Forbund/Pensum/oversaettelser3.pdf,FALSE,FALSE
Jodul,Otte ( 8 ),Tal,5. kup,http://www.tangun.dk/images/stories/docs/5kup.pdf,FALSE,TRUE
Joo Sim,Kampleder,Kamp,Teori,https://www.taekwondo.dk/files/Forbund/Pensum/oversaettelser3.pdf,FALSE,TRUE
Joochoom Seogi,Hestestand,Stande,Teori,https://www.taekwondo.dk/files/Forbund/Pensum/oversaettelser3.pdf,FALSE,FALSE
Joochoom-seogi,Hestestand,Stande,10. kup,http://www.tangun.dk/images/stories/docs/10kup.pdf,FALSE,TRUE
Jool,Ti ( 10 ),Tal,4. kup,http://www.tangun.dk/images/stories/docs/4kup.pdf,FALSE,TRUE
JoolChung Choot,Rør,Diverse,Teori,https://www.taekwondo.dk/files/Forbund/Pensum/oversaettelser3.pdf,FALSE,FALSE
Joomeok,Knyttet hånd,Håndteknikker,Teori,https://www.taekwondo.dk/files/Forbund/Pensum/oversaettelser3.pdf,FALSE,FALSE
Joonbi,Indtag klarstand,Stande,10. kup,http://www.tangun.dk/images/stories/docs/10kup.pdf,FALSE,TRUE
Ju Dan Ja,Danbærer 1.-3. Dan,Diverse,Teori,https://www.taekwondo.dk/files/Forbund/Pensum/oversaettelser3.pdf,FALSE,FALSE
Ju Kup Ja,9.-1. Kup (ej træner),Diverse,Teori,https://www.taekwondo.dk/files/Forbund/Pensum/oversaettelser3.pdf,FALSE,FALSE
Jumeok,Knyttet hånd,Håndteknikker,10. kup,http://www.tangun.dk/images/stories/docs/10kup.pdf,FALSE,TRUE
Ka un de sonkarak,Langfinger,Anatomi,Teori,https://www.taekwondo.dk/files/Forbund/Pensum/oversaettelser3.pdf,FALSE,FALSE
Kaljebi,Benævnelse for slag mod hals m. agwison,Håndteknikker,1. kup,http://www.tangun.dk/images/stories/docs/1kup.pdf,FALSE,TRUE
Kaljebi,Benævnelse for chigi med Agwison mod hals,Håndteknikker,Teori,https://www.taekwondo.dk/files/Forbund/Pensum/oversaettelser3.pdf,FALSE,FALSE
Kaljeo,Break,Kamp,Teori,https://www.taekwondo.dk/files/Forbund/Pensum/oversaettelser3.pdf,FALSE,TRUE
Kalyeo,Stop/”Break”,Kamp,7. kup,http://www.tangun.dk/images/stories/docs/7kup.pdf,FALSE,TRUE
Ke so,Fortsæt,Kamp,Teori,https://www.taekwondo.dk/files/Forbund/Pensum/oversaettelser3.pdf,FALSE,TRUE
Keokki,Knække,Diverse,1. kup,http://www.tangun.dk/images/stories/docs/1kup.pdf,FALSE,TRUE
Keokki,Brække,Diverse,Teori,https://www.taekwondo.dk/files/Forbund/Pensum/oversaettelser3.pdf,FALSE,FALSE
Keuman,Stop og indtag startposition,Stande,10. kup,http://www.tangun.dk/images/stories/docs/10kup.pdf,FALSE,TRUE
Keumgang makki,Diamant blokering,Håndteknikker,1. dan,http://www.tangun.dk/images/stories/docs/1dan.pdf,FALSE,TRUE
Keumgeng momtong makki,Diamant blokering i midtersektion,Håndteknikker,2. dan,http://www.tangun.dk/images/stories/docs/2dan.pdf,FALSE,TRUE
Keun dolcheogi,Stort hængsel,Håndteknikker,Teori,https://www.taekwondo.dk/files/Forbund/Pensum/oversaettelser3.pdf,FALSE,FALSE
Keun-dolcheogi,Stort hængsel,Håndteknikker,1. dan,http://www.tangun.dk/images/stories/docs/1dan.pdf,FALSE,TRUE
Keureo olligi,Trækker opad i blokering,Håndteknikker,Teori,https://www.taekwondo.dk/files/Forbund/Pensum/oversaettelser3.pdf,FALSE,FALSE
Khungne,Bukke/Hilse,Diverse,Teori,https://www.taekwondo.dk/files/Forbund/Pensum/oversaettelser3.pdf,FALSE,FALSE
Ki-hap,"Kampråb, Ki=samle og hap=energi",Diverse,7. kup,http://www.tangun.dk/images/stories/docs/7kup.pdf,FALSE,TRUE
Kihap,Energi koncentration,Diverse,Teori,https://www.taekwondo.dk/files/Forbund/Pensum/oversaettelser3.pdf,FALSE,FALSE
Kjosa-nim,Træner 1.-3. dan,Diverse,10. kup,http://www.tangun.dk/images/stories/docs/10kup.pdf,FALSE,TRUE
Ko,Niende ( 9. ),Tal,2. kup,http://www.tangun.dk/images/stories/docs/2kup.pdf,FALSE,TRUE
Ko,Næse,Anatomi,Teori,https://www.taekwondo.dk/files/Forbund/Pensum/oversaettelser3.pdf,FALSE,TRUE
Koobi,Lang stand,Stande,Teori,https://www.taekwondo.dk/files/Forbund/Pensum/oversaettelser3.pdf,FALSE,FALSE
Kuk Chea Sabeum Nim,6-7. Dan instruktør,Diverse,Teori,https://www.taekwondo.dk/files/Forbund/Pensum/oversaettelser3.pdf,FALSE,FALSE
Kukki jedeharjo kyeongne,Hilsen til flag,Diverse,10. kup,http://www.tangun.dk/images/stories/docs/10kup.pdf,FALSE,TRUE
Kukkiwon,Taekwondo hovedkvarter i Korea,Diverse,Teori,https://www.taekwondo.dk/files/Forbund/Pensum/oversaettelser3.pdf,FALSE,FALSE
Kup,Elevgrad,Diverse,Teori,https://www.taekwondo.dk/files/Forbund/Pensum/oversaettelser3.pdf,FALSE,FALSE
Kwan Jang Nim,Skolens leder,Diverse,Teori,https://www.taekwondo.dk/files/Forbund/Pensum/oversaettelser3.pdf,FALSE,FALSE
Kwon,Næve,Anatomi,Teori,https://www.taekwondo.dk/files/Forbund/Pensum/oversaettelser3.pdf,FALSE,FALSE
Kyeongne,Hils (buk),Stande,10. kup,http://www.tangun.dk/images/stories/docs/10kup.pdf,FALSE,TRUE
Kyong go,Ulovlig angreb til advarsel,Kamp,Teori,https://www.taekwondo.dk/files/Forbund/Pensum/oversaettelser3.pdf,FALSE,TRUE
Kyop pa,Gennembrydning,Diverse,Teori,https://www.taekwondo.dk/files/Forbund/Pensum/oversaettelser3.pdf,FALSE,FALSE
Kyoregi,Kamp,Kamp,Teori,https://www.taekwondo.dk/files/Forbund/Pensum/oversaettelser3.pdf,FALSE,TRUE
Kyosa Nim,Instruktør 1.-3. Dan,Diverse,Teori,https://www.taekwondo.dk/files/Forbund/Pensum/oversaettelser3.pdf,FALSE,FALSE
Makki,Blokering,Håndteknikker,Teori,https://www.taekwondo.dk/files/Forbund/Pensum/oversaettelser3.pdf,FALSE,FALSE
Me joomeok,Hammernæve/yderside af knyttet hånd,Håndteknikker,Teori,https://www.taekwondo.dk/files/Forbund/Pensum/oversaettelser3.pdf,FALSE,FALSE
Me Jumeok arae pyjeokchigi,Pletslag i lav sektion (i koryo poomse),Håndteknikker,1. kup,http://www.tangun.dk/images/stories/docs/1kup.pdf,FALSE,TRUE
Me palmok,Bagsiden af underarmen,Anatomi,Teori,https://www.taekwondo.dk/files/Forbund/Pensum/oversaettelser3.pdf,FALSE,FALSE
Me-jumeok,Yderside af knyttet hånd,Anatomi,6. kup,http://www.tangun.dk/images/stories/docs/6kup.pdf,FALSE,TRUE
Me-jumeok momtong naeryo-chigi,Nedadgående slag m. ydersiden af knyttet hånd,Håndteknikker,6. kup,http://www.tangun.dk/images/stories/docs/6kup.pdf,FALSE,TRUE
Me-palmok,Underside af underarm,Anatomi,6. kup,http://www.tangun.dk/images/stories/docs/6kup.pdf,TRUE,TRUE
Meonge chigi,Albuestød til siderne,Anatomi,Teori,https://www.taekwondo.dk/files/Forbund/Pensum/oversaettelser3.pdf,FALSE,FALSE
Meonge paegi,Trække åg,Bevægelse,Teori,https://www.taekwondo.dk/files/Forbund/Pensum/oversaettelser3.pdf,FALSE,FALSE
Meonge-chigi,Albuestød til siderne,Håndteknikker,3. dan,http://www.tangun.dk/images/stories/docs/3dan.pdf,FALSE,TRUE
Meory,Hoved,Anatomi,Teori,https://www.taekwondo.dk/files/Forbund/Pensum/oversaettelser3.pdf,FALSE,TRUE
Mileo,Skubbe,Bevægelse,7. kup,http://www.tangun.dk/images/stories/docs/7kup.pdf,FALSE,TRUE
Mileo chagi,Skubbe spark,Benteknikker,Teori,https://www.taekwondo.dk/files/Forbund/Pensum/oversaettelser3.pdf,FALSE,FALSE
Mileo-chagi,Skubbe spark,Benteknikker,7. kup,http://www.tangun.dk/images/stories/docs/7kup.pdf,FALSE,TRUE
Milgi,Trykke,Bevægelse,Teori,https://www.taekwondo.dk/files/Forbund/Pensum/oversaettelser3.pdf,FALSE,TRUE
Mit,Under,Anatomi,Teori,https://www.taekwondo.dk/files/Forbund/Pensum/oversaettelser3.pdf,FALSE,TRUE
Miteruro paegi,Trækker under,Bevægelse,Teori,https://www.taekwondo.dk/files/Forbund/Pensum/oversaettelser3.pdf,FALSE,FALSE
Miteuro paegi,Trække under,Håndteknikker,2. dan,http://www.tangun.dk/images/stories/docs/2dan.pdf,FALSE,TRUE
Mo joochoom seogi,Spids hestestand,Stande,3. kup,null,FALSE,TRUE
Mo-seogi,Spidsstand,Stande,4. kup,http://www.tangun.dk/images/stories/docs/4kup.pdf,FALSE,TRUE
Moa-seogi,Samlet fødder stand,Stande,10. kup,http://www.tangun.dk/images/stories/docs/10kup.pdf,FALSE,TRUE
Modeum bal chagi,Flyvende spark med samlede fødder,Benteknikker,Teori,https://www.taekwondo.dk/files/Forbund/Pensum/oversaettelser3.pdf,FALSE,FALSE
Modeum sonkeut,Samlet fingerstik,Håndteknikker,Teori,https://www.taekwondo.dk/files/Forbund/Pensum/oversaettelser3.pdf,FALSE,FALSE
Modeumson keut,Femfingerstik,Håndteknikker,1. kup,http://www.tangun.dk/images/stories/docs/1kup.pdf,FALSE,TRUE
Moeun doo sonkeut,Dobbelt fingerstik,Håndteknikker,Teori,https://www.taekwondo.dk/files/Forbund/Pensum/oversaettelser3.pdf,FALSE,FALSE
Moeun se sonkeut,Trefingerstik,Håndteknikker,Teori,https://www.taekwondo.dk/files/Forbund/Pensum/oversaettelser3.pdf,FALSE,FALSE
Moeun-dooson keut,Dobbelt fingerstik,Håndteknikker,2. kup,http://www.tangun.dk/images/stories/docs/2kup.pdf,FALSE,TRUE
Moeun-seson keut,Tre-fingerstik,Håndteknikker,2. kup,http://www.tangun.dk/images/stories/docs/2kup.pdf,FALSE,TRUE
Mok,Hals,Anatomi,8. kup,http://www.tangun.dk/images/stories/docs/8kup.pdf,FALSE,TRUE
Mok,Hals,Anatomi,Teori,https://www.taekwondo.dk/files/Forbund/Pensum/oversaettelser3.pdf,FALSE,FALSE
Mom,Krop,Anatomi,5. kup,http://www.tangun.dk/images/stories/docs/5kup.pdf,FALSE,TRUE
Mom,Krop,Anatomi,Teori,https://www.taekwondo.dk/files/Forbund/Pensum/oversaettelser3.pdf,FALSE,FALSE
Mom Umjigigi,Bevægelse af kroppen,Bevægelse,Teori,https://www.taekwondo.dk/files/Forbund/Pensum/oversaettelser3.pdf,FALSE,FALSE
Momdolleyo chagi,Baglæns cirkelspark,Benteknikker,Teori,https://www.taekwondo.dk/files/Forbund/Pensum/oversaettelser3.pdf,FALSE,FALSE
Momdollyo-chagi,Baglæns cirkelspark m. strakt ben,Benteknikker,5. kup,http://www.tangun.dk/images/stories/docs/5kup.pdf,FALSE,TRUE
Momtong,Midter sektion,Anatomi,10. kup,http://www.tangun.dk/images/stories/docs/10kup.pdf,FALSE,TRUE
Momtong,Midtersektion,Anatomi,Teori,https://www.taekwondo.dk/files/Forbund/Pensum/oversaettelser3.pdf,FALSE,FALSE
Momtong anmakki,"Midter sektion blokering, modsat arm/ben",Håndteknikker,10. kup,http://www.tangun.dk/images/stories/docs/10kup.pdf,FALSE,TRUE
Momtong bakatmakki,Udadgående blokering i midter sektion,Håndteknikker,9. kup,http://www.tangun.dk/images/stories/docs/9kup.pdf,FALSE,TRUE
Momtong hechyomakki,Udadgående adskille blokering,Håndteknikker,4. kup,http://www.tangun.dk/images/stories/docs/4kup.pdf,FALSE,TRUE
Momtong jireugi,Slag midter sektion,Håndteknikker,10. kup,http://www.tangun.dk/images/stories/docs/10kup.pdf,FALSE,TRUE
Momtongmakki,Midter sektion blokering,Håndteknikker,10. kup,http://www.tangun.dk/images/stories/docs/10kup.pdf,FALSE,TRUE
Moo Do,Kampkunst,Kamp,Teori,https://www.taekwondo.dk/files/Forbund/Pensum/oversaettelser3.pdf,FALSE,TRUE
Mook nyeom,Koncentration,Diverse,Teori,https://www.taekwondo.dk/files/Forbund/Pensum/oversaettelser3.pdf,FALSE,FALSE
Mooreup,Knæ,Anatomi,6. kup,http://www.tangun.dk/images/stories/docs/6kup.pdf,FALSE,TRUE
Mooreup,Knæ,Anatomi,Teori,https://www.taekwondo.dk/files/Forbund/Pensum/oversaettelser3.pdf,FALSE,FALSE
Mooreup keokki,“Knække knæ”,Håndteknikker,1. kup,http://www.tangun.dk/images/stories/docs/1kup.pdf,FALSE,TRUE
Mooreup-chigi,Knæspark/slag,Benteknikker,4. kup,http://www.tangun.dk/images/stories/docs/4kup.pdf,FALSE,TRUE
Mu meong ji sonkarak,Ringfinger,Anatomi,Teori,https://www.taekwondo.dk/files/Forbund/Pensum/oversaettelser3.pdf,FALSE,FALSE
Myongchi,Solar plexus,Anatomi,Teori,https://www.taekwondo.dk/files/Forbund/Pensum/oversaettelser3.pdf,FALSE,TRUE
Na-chooeo-seogi,Dyb stand,Stande,7. kup,http://www.tangun.dk/images/stories/docs/7kup.pdf,FALSE,TRUE
Naeryo-chagi,Nedadgående spark,Benteknikker,10. kup,http://www.tangun.dk/images/stories/docs/10kup.pdf,FALSE,TRUE
Nag teok,Agwison angreb mod kæbe,Håndteknikker,Teori,https://www.taekwondo.dk/files/Forbund/Pensum/oversaettelser3.pdf,FALSE,FALSE
Nakeo chagi,Krog spark,Benteknikker,4. kup,http://www.tangun.dk/images/stories/docs/4kup.pdf,FALSE,TRUE
Nakeo chagi,Krog spark,Benteknikker,Teori,https://www.taekwondo.dk/files/Forbund/Pensum/oversaettelser3.pdf,FALSE,FALSE
Nalgae pyogi,Spredte vinger,Bevægelse,Teori,https://www.taekwondo.dk/files/Forbund/Pensum/oversaettelser3.pdf,FALSE,FALSE
Nangsim,Skridtet,Anatomi,Teori,https://www.taekwondo.dk/files/Forbund/Pensum/oversaettelser3.pdf,FALSE,TRUE
Naranhi seogi,Parallel stand,Stande,Teori,https://www.taekwondo.dk/files/Forbund/Pensum/oversaettelser3.pdf,FALSE,FALSE
Naranhi-seogi,Parallel stand,Stande,10. kup,http://www.tangun.dk/images/stories/docs/10kup.pdf,FALSE,TRUE
Nareyo,Nedadgående,Bevægelse,Teori,https://www.taekwondo.dk/files/Forbund/Pensum/oversaettelser3.pdf,FALSE,TRUE
Net,Fire ( 4 ),Tal,9. kup,http://www.tangun.dk/images/stories/docs/9kup.pdf,FALSE,TRUE
Noon,Øjne,Anatomi,Teori,https://www.taekwondo.dk/files/Forbund/Pensum/oversaettelser3.pdf,FALSE,TRUE
Nopi,Højt,Anatomi,Teori,https://www.taekwondo.dk/files/Forbund/Pensum/oversaettelser3.pdf,FALSE,FALSE
O-ja seogi,T-stand,Stande,1. kup,http://www.tangun.dk/images/stories/docs/1kup.pdf,FALSE,TRUE
Oen,Venstre,Diverse,Teori,https://www.taekwondo.dk/files/Forbund/Pensum/oversaettelser3.pdf,FALSE,FALSE
Oen-seogi,Venstre stand,Stande,6. kup,http://www.tangun.dk/images/stories/docs/6kup.pdf,FALSE,TRUE
Oesanteul,Halvt bjerg,Diverse,3. kup,null,FALSE,TRUE
Oesanteul makki,Halv bjerg blokering,Benteknikker,3. kup,null,FALSE,TRUE
Ogeum,Knæhasen,Anatomi,Teori,https://www.taekwondo.dk/files/Forbund/Pensum/oversaettelser3.pdf,FALSE,TRUE
Ogeum seogi,Knæhase stand,Stande,Teori,https://www.taekwondo.dk/files/Forbund/Pensum/oversaettelser3.pdf,FALSE,FALSE
Oh,Femte ( 5. ),Tal,6. kup,http://www.tangun.dk/images/stories/docs/6kup.pdf,FALSE,TRUE
Oja seogi,T-stand,Stande,Teori,https://www.taekwondo.dk/files/Forbund/Pensum/oversaettelser3.pdf,FALSE,FALSE
Okae,Skulder,Anatomi,Teori,https://www.taekwondo.dk/files/Forbund/Pensum/oversaettelser3.pdf,FALSE,TRUE
Ollyo,Opadgående,Bevægelse,Teori,https://www.taekwondo.dk/files/Forbund/Pensum/oversaettelser3.pdf,FALSE,FALSE
Olryeo,Opadgående,Bevægelse,2. kup,http://www.tangun.dk/images/stories/docs/2kup.pdf,FALSE,TRUE
Opon,Drejet nedad,Bevægelse,Teori,https://www.taekwondo.dk/files/Forbund/Pensum/oversaettelser3.pdf,FALSE,FALSE
Oreun,Højre,Diverse,Teori,https://www.taekwondo.dk/files/Forbund/Pensum/oversaettelser3.pdf,FALSE,FALSE
Oreun-seog,Højre stand,Stande,6. kup,http://www.tangun.dk/images/stories/docs/6kup.pdf,FALSE,TRUE
Pae,Tabe,Kamp,Teori,https://www.taekwondo.dk/files/Forbund/Pensum/oversaettelser3.pdf,FALSE,TRUE
Pal,Ottende ( 8. ),Tal,3. kup,null,FALSE,TRUE
Pal,Arm,Anatomi,8. kup,http://www.tangun.dk/images/stories/docs/8kup.pdf,FALSE,TRUE
Pal,Arm,Anatomi,Teori,https://www.taekwondo.dk/files/Forbund/Pensum/oversaettelser3.pdf,FALSE,FALSE
Palkoop,Albue,Anatomi,6. kup,http://www.tangun.dk/images/stories/docs/6kup.pdf,FALSE,TRUE
Palkoop,Albue,Anatomi,Teori,https://www.taekwondo.dk/files/Forbund/Pensum/oversaettelser3.pdf,FALSE,FALSE
Palkoop dollyo-chigi,Cirkel albueslag,Håndteknikker,6. kup,http://www.tangun.dk/images/stories/docs/6kup.pdf,FALSE,TRUE
Palkoop naeryochigi,Nedadgående albuestød,Håndteknikker,2. kup,http://www.tangun.dk/images/stories/docs/2kup.pdf,FALSE,TRUE
Palkoop olyeochigi,Opadgående albuestød,Håndteknikker,2. kup,http://www.tangun.dk/images/stories/docs/2kup.pdf,FALSE,TRUE
Palkoop pyojeok-chigi,Albue pletslag,Håndteknikker,6. kup,http://www.tangun.dk/images/stories/docs/6kup.pdf,FALSE,TRUE
Palkoop yeop chigi,Albuestød til siden,Håndteknikker,1. kup,http://www.tangun.dk/images/stories/docs/1kup.pdf,FALSE,TRUE
Palmok,Underarm,Anatomi,8. kup,http://www.tangun.dk/images/stories/docs/8kup.pdf,TRUE,TRUE
Palmok,Underarm,Anatomi,Teori,https://www.taekwondo.dk/files/Forbund/Pensum/oversaettelser3.pdf,FALSE,FALSE
Poom,Grundteknik,Bevægelse,9. kup,http://www.tangun.dk/images/stories/docs/9kup.pdf,FALSE,TRUE
Poom,Handling,Bevægelse,Teori,https://www.taekwondo.dk/files/Forbund/Pensum/oversaettelser3.pdf,FALSE,FALSE
Poom,Mestergrad for børn,Diverse,Teori,https://www.taekwondo.dk/files/Forbund/Pensum/oversaettelser3.pdf,FALSE,FALSE
Poom seogi,"Stande hvor arme, ben og kroppens bevægelser harmonerer",Stande,1. kup,http://www.tangun.dk/images/stories/docs/1kup.pdf,FALSE,TRUE
Poom seogi: Bojumeok joonbi-seogi,Dækket næve retstand,Stande,4. kup,http://www.tangun.dk/images/stories/docs/4kup.pdf,FALSE,TRUE
Poomse,Sammensatte grundteknikker,Bevægelse,9. kup,http://www.tangun.dk/images/stories/docs/9kup.pdf,FALSE,TRUE
Poomse Keumgang,Poomse 2,Diverse,2. dan,http://www.tangun.dk/images/stories/docs/2dan.pdf,FALSE,TRUE
Poomse Koryo,Poomse 1,Diverse,1. dan,http://www.tangun.dk/images/stories/docs/1dan.pdf,FALSE,TRUE
Poomse Pal jang,8. taegeuk,Diverse,2. kup,http://www.tangun.dk/images/stories/docs/2kup.pdf,FALSE,TRUE
Poomse Taebaek,Poomse 3,Diverse,3. dan,http://www.tangun.dk/images/stories/docs/3dan.pdf,FALSE,TRUE
Poomse Taegeuk il jang,1. Taegeuk,Diverse,9. kup,http://www.tangun.dk/images/stories/docs/9kup.pdf,FALSE,TRUE
Poomse Taegeuk Oh jang,5. taegeuk,Diverse,5. kup,http://www.tangun.dk/images/stories/docs/5kup.pdf,FALSE,TRUE
Poomse Taegeuk Sah jang,4. taegeuk,Diverse,6. kup,http://www.tangun.dk/images/stories/docs/6kup.pdf,FALSE,TRUE
Poomse Taegeuk Sam jang,3. taegeuk,Diverse,7. kup,http://www.tangun.dk/images/stories/docs/7kup.pdf,FALSE,TRUE
Poomse Taegeuk yi jang,2. Taegeuk,Diverse,8. kup,http://www.tangun.dk/images/stories/docs/8kup.pdf,FALSE,TRUE
Poomse Taegeuk Yook jang,6. Taegeuk,Diverse,4. kup,http://www.tangun.dk/images/stories/docs/4kup.pdf,FALSE,TRUE
Poomsee,Sammensatte handlinger,Diverse,Teori,https://www.taekwondo.dk/files/Forbund/Pensum/oversaettelser3.pdf,FALSE,FALSE
Pyeon jumeok,Kattenæve,Håndteknikker,4. kup,http://www.tangun.dk/images/stories/docs/4kup.pdf,FALSE,TRUE
Pyeon sonkeut,Fingerstik,Håndteknikker,Teori,https://www.taekwondo.dk/files/Forbund/Pensum/oversaettelser3.pdf,FALSE,FALSE
Pyeonhi seogi,Hvile stand,Stande,Teori,https://www.taekwondo.dk/files/Forbund/Pensum/oversaettelser3.pdf,FALSE,FALSE
Pyeonhi-seogi,Hvilestand,Stande,9. kup,http://www.tangun.dk/images/stories/docs/9kup.pdf,FALSE,TRUE
Pyeonson-keut seweo chireugi,Fingerstik m. lodret håndstilling,Håndteknikker,7. kup,http://www.tangun.dk/images/stories/docs/7kup.pdf,FALSE,TRUE
Pyeunson-keut,Fingerstik,Håndteknikker,7. kup,http://www.tangun.dk/images/stories/docs/7kup.pdf,FALSE,TRUE
Pyojeok,Plet/punkt,Anatomi,6. kup,http://www.tangun.dk/images/stories/docs/6kup.pdf,FALSE,TRUE
Pyojeok,Plet,Anatomi,Teori,https://www.taekwondo.dk/files/Forbund/Pensum/oversaettelser3.pdf,FALSE,FALSE
Pyojeok-chagi,Pletspark,Benteknikker,4. kup,http://www.tangun.dk/images/stories/docs/4kup.pdf,FALSE,TRUE
Pyojeok-jireugi,Plet slag,Håndteknikker,1. kup,http://www.tangun.dk/images/stories/docs/1kup.pdf,FALSE,TRUE
Pyon,jomeok Kattenæve,Håndteknikker,Teori,https://www.taekwondo.dk/files/Forbund/Pensum/oversaettelser3.pdf,FALSE,FALSE
Pyonson-keut jecheo-chireugi,Fingerstik m. håndfl aden opad,Håndteknikker,1. kup,http://www.tangun.dk/images/stories/docs/1kup.pdf,FALSE,TRUE
Sabeum Nim,International instruktør,Diverse,Teori,https://www.taekwondo.dk/files/Forbund/Pensum/oversaettelser3.pdf,FALSE,FALSE
Sabeum Nim Kke Khungne,Hils på instruktøren,Diverse,Teori,https://www.taekwondo.dk/files/Forbund/Pensum/oversaettelser3.pdf,FALSE,FALSE
Sabum-nim,Træner 4. dan og mere,Diverse,10. kup,http://www.tangun.dk/images/stories/docs/10kup.pdf,FALSE,TRUE
Sah,Fjerde ( 4.),Tal,7. kup,http://www.tangun.dk/images/stories/docs/7kup.pdf,FALSE,TRUE
Sam,Tredje ( 3. ),Tal,8. kup,http://www.tangun.dk/images/stories/docs/8kup.pdf,FALSE,TRUE
Sam hoe jeon,Tredje runde,Kamp,Teori,https://www.taekwondo.dk/files/Forbund/Pensum/oversaettelser3.pdf,FALSE,TRUE
Sambon Kireugi,Tre skridts kamp,Kamp,Teori,https://www.taekwondo.dk/files/Forbund/Pensum/oversaettelser3.pdf,FALSE,TRUE
Sang-i,Overdel til dobog,Diverse,Teori,https://www.taekwondo.dk/files/Forbund/Pensum/oversaettelser3.pdf,FALSE,FALSE
Santeul,Bjerg,Diverse,3. kup,null,FALSE,TRUE
Santeul,Bjerg,Diverse,Teori,https://www.taekwondo.dk/files/Forbund/Pensum/oversaettelser3.pdf,FALSE,FALSE
Santul-makki,Bjerg blokering,Håndteknikker,1. dan,http://www.tangun.dk/images/stories/docs/1dan.pdf,FALSE,TRUE
Sapo dae,Skridtbeskytter,Kamp,Teori,https://www.taekwondo.dk/files/Forbund/Pensum/oversaettelser3.pdf,FALSE,TRUE
Set,Tre ( 3 ),Tal,9. kup,http://www.tangun.dk/images/stories/docs/9kup.pdf,FALSE,TRUE
Set gi sonkarak,Lillefinger,Anatomi,Teori,https://www.taekwondo.dk/files/Forbund/Pensum/oversaettelser3.pdf,FALSE,FALSE
Set tchae madi,Inderste fingerled,Anatomi,Teori,https://www.taekwondo.dk/files/Forbund/Pensum/oversaettelser3.pdf,FALSE,FALSE
Sewo,Håndryggen lodret,Håndteknikker,Teori,https://www.taekwondo.dk/files/Forbund/Pensum/oversaettelser3.pdf,FALSE,FALSE
Sewoon-jumeok,Lodret håndstilling m. knyttet hånd,Håndteknikker,7. kup,http://www.tangun.dk/images/stories/docs/7kup.pdf,FALSE,TRUE
Shijak,Begynd/start,Diverse,7. kup,http://www.tangun.dk/images/stories/docs/7kup.pdf,FALSE,TRUE
Shijak,Start,Diverse,Teori,https://www.taekwondo.dk/files/Forbund/Pensum/oversaettelser3.pdf,FALSE,FALSE
Ship,Tiende ( 10. ),Tal,2. kup,http://www.tangun.dk/images/stories/docs/2kup.pdf,FALSE,TRUE
Sim pan won,Alle dommere,Kamp,Teori,https://www.taekwondo.dk/files/Forbund/Pensum/oversaettelser3.pdf,FALSE,TRUE
Sim sae,Prøve,Diverse,Teori,https://www.taekwondo.dk/files/Forbund/Pensum/oversaettelser3.pdf,FALSE,FALSE
Sin,Person/sig selv,Diverse,Teori,https://www.taekwondo.dk/files/Forbund/Pensum/oversaettelser3.pdf,FALSE,FALSE
Sin jang,Nyre,Anatomi,Teori,https://www.taekwondo.dk/files/Forbund/Pensum/oversaettelser3.pdf,FALSE,TRUE
Sison,Orientering/se efter,Diverse,Teori,https://www.taekwondo.dk/files/Forbund/Pensum/oversaettelser3.pdf,FALSE,FALSE
Sokeo chagi,To spark med samme ben (2 forskellige sparketeknikker),Diverse,Teori,https://www.taekwondo.dk/files/Forbund/Pensum/oversaettelser3.pdf,FALSE,FALSE
Sokeo-chagi,Blandet spark m. samme ben,Benteknikker,1. kup,http://www.tangun.dk/images/stories/docs/1kup.pdf,FALSE,TRUE
Son,Hånd,Anatomi,9. kup,http://www.tangun.dk/images/stories/docs/9kup.pdf,FALSE,TRUE
Son,Hånd,Anatomi,Teori,https://www.taekwondo.dk/files/Forbund/Pensum/oversaettelser3.pdf,FALSE,FALSE
Son-deung,Håndryggen,Anatomi,7. kup,http://www.tangun.dk/images/stories/docs/7kup.pdf,FALSE,TRUE
Sondeung,Håndryggen,Håndteknikker,Teori,https://www.taekwondo.dk/files/Forbund/Pensum/oversaettelser3.pdf,FALSE,FALSE
Song,Vinde,Kamp,Teori,https://www.taekwondo.dk/files/Forbund/Pensum/oversaettelser3.pdf,FALSE,TRUE
Sonkeut,Fingerspidserne,Anatomi,7. kup,http://www.tangun.dk/images/stories/docs/7kup.pdf,FALSE,TRUE
Sonkeut,Fingerspidserne,Anatomi,Teori,https://www.taekwondo.dk/files/Forbund/Pensum/oversaettelser3.pdf,FALSE,FALSE
Sonmok,Håndled,Anatomi,Teori,https://www.taekwondo.dk/files/Forbund/Pensum/oversaettelser3.pdf,FALSE,TRUE
Sonnal,Knivhånd,Håndteknikker,9. kup,http://www.tangun.dk/images/stories/docs/9kup.pdf,FALSE,TRUE
Sonnal,Knivhånd,Håndteknikker,Teori,https://www.taekwondo.dk/files/Forbund/Pensum/oversaettelser3.pdf,FALSE,FALSE
Sonnal arae hechyomakki,Lav sektion adskille blokering m. knivhånd,Håndteknikker,2. dan,http://www.tangun.dk/images/stories/docs/2dan.pdf,FALSE,TRUE
Sonnal araemakki,Knivhåndsblokering i lav sektion (dobbelt),Håndteknikker,2. kup,http://www.tangun.dk/images/stories/docs/2kup.pdf,FALSE,TRUE
Sonnal deung,Modsat knivhånd,Håndteknikker,2. kup,http://www.tangun.dk/images/stories/docs/2kup.pdf,FALSE,TRUE
Sonnal eolgul bakat-chigi,"Udadgående slag m. knivhånd, håndryg opad",Håndteknikker,9. kup,http://www.tangun.dk/images/stories/docs/9kup.pdf,FALSE,TRUE
Sonnal montomgmakki,Knivhåndsblokering,Håndteknikker,8. kup,http://www.tangun.dk/images/stories/docs/8kup.pdf,FALSE,TRUE
Sonnaldeung,Modsat knivhånd,Håndteknikker,Teori,https://www.taekwondo.dk/files/Forbund/Pensum/oversaettelser3.pdf,FALSE,FALSE
Soseum jireugi,Bam jomeok med begge hænder mod hals,Håndteknikker,Teori,https://www.taekwondo.dk/files/Forbund/Pensum/oversaettelser3.pdf,FALSE,FALSE
Sosun jumeok / Bam joomoek,Kastanjenæve,Håndteknikker,3. kup,null,FALSE,TRUE
Su Seok Sabeum Nim,Klubbens højest graduerede Sabeum Nim,Diverse,Teori,https://www.taekwondo.dk/files/Forbund/Pensum/oversaettelser3.pdf,FALSE,FALSE
Suh Rjon seng,Elev,Diverse,Teori,https://www.taekwondo.dk/files/Forbund/Pensum/oversaettelser3.pdf,FALSE,FALSE
Sul,Teknik,Diverse,Teori,https://www.taekwondo.dk/files/Forbund/Pensum/oversaettelser3.pdf,FALSE,FALSE
Swaegol,Kraveben,Anatomi,Teori,https://www.taekwondo.dk/files/Forbund/Pensum/oversaettelser3.pdf,FALSE,TRUE
Tae,Fod/spark,Anatomi,Teori,https://www.taekwondo.dk/files/Forbund/Pensum/oversaettelser3.pdf,FALSE,FALSE
Taegeuk,Den store evighed,Diverse,Teori,https://www.taekwondo.dk/files/Forbund/Pensum/oversaettelser3.pdf,FALSE,FALSE
Taegeuk ki,Koreanske flag,Diverse,Teori,https://www.taekwondo.dk/files/Forbund/Pensum/oversaettelser3.pdf,FALSE,FALSE
Taekwondo,Fod/spark næve system,Diverse,Teori,https://www.taekwondo.dk/files/Forbund/Pensum/oversaettelser3.pdf,FALSE,FALSE
Taesan milgi,Skubber et stort bjerg,Håndteknikker,Teori,https://www.taekwondo.dk/files/Forbund/Pensum/oversaettelser3.pdf,FALSE,FALSE
Tasut,Fem ( 5 ),Tal,8. kup,http://www.tangun.dk/images/stories/docs/8kup.pdf,FALSE,TRUE
Teok,Hage,Anatomi,3. kup,null,FALSE,TRUE
Teok,Kæbe/hage,Anatomi,Teori,https://www.taekwondo.dk/files/Forbund/Pensum/oversaettelser3.pdf,FALSE,FALSE
Tii,Bælte,Diverse,Teori,https://www.taekwondo.dk/files/Forbund/Pensum/oversaettelser3.pdf,FALSE,FALSE
Tii maeneun beob,Måden man binder bælte på,Diverse,Teori,https://www.taekwondo.dk/files/Forbund/Pensum/oversaettelser3.pdf,FALSE,FALSE
Tjong,Blå,Kamp,Teori,https://www.taekwondo.dk/files/Forbund/Pensum/oversaettelser3.pdf,FALSE,TRUE
Tokjo-nim,Træner under 1. dan,Diverse,10. kup,http://www.tangun.dk/images/stories/docs/10kup.pdf,FALSE,TRUE
Tong milgi joonbi seogi,Skubbe klar stand,Stande,Teori,https://www.taekwondo.dk/files/Forbund/Pensum/oversaettelser3.pdf,FALSE,FALSE
Tong-milgi joonbi-seogi,Skubbe klar stand,Stande,1. kup,http://www.tangun.dk/images/stories/docs/1kup.pdf,FALSE,TRUE
Twieo,Flyvende,Diverse,Teori,https://www.taekwondo.dk/files/Forbund/Pensum/oversaettelser3.pdf,FALSE,TRUE
Twieo baggueo chagi,Flyvende spark m. bagerste ben,Benteknikker,1. kup,http://www.tangun.dk/images/stories/docs/1kup.pdf,FALSE,TRUE
Twieo ieo-chagi,Samme spark 2 gange - fl yvende,Benteknikker,2. kup,http://www.tangun.dk/images/stories/docs/2kup.pdf,FALSE,TRUE
Twieo neomeo chagi,Spark over forhindring,Benteknikker,Teori,https://www.taekwondo.dk/files/Forbund/Pensum/oversaettelser3.pdf,FALSE,TRUE
Twieo-chagi,Flyvende spark m. bagerste ben,Benteknikker,5. kup,http://www.tangun.dk/images/stories/docs/5kup.pdf,FALSE,TRUE
Um ji sonkarak,Tommelfinger,Anatomi,Teori,https://www.taekwondo.dk/files/Forbund/Pensum/oversaettelser3.pdf,FALSE,FALSE
Upon,Håndryggen opad,Håndteknikker,Teori,https://www.taekwondo.dk/files/Forbund/Pensum/oversaettelser3.pdf,FALSE,FALSE
Wi,Over,Diverse,Teori,https://www.taekwondo.dk/files/Forbund/Pensum/oversaettelser3.pdf,FALSE,FALSE
Wiro paegi,Trækker opad i frigørelse,Håndteknikker,Teori,https://www.taekwondo.dk/files/Forbund/Pensum/oversaettelser3.pdf,FALSE,FALSE
WTF,World Taekwondo Federation,Diverse,8. kup,http://www.tangun.dk/images/stories/docs/8kup.pdf,FALSE,TRUE
WTF,World Taekwondo Federation,Diverse,Teori,https://www.taekwondo.dk/files/Forbund/Pensum/oversaettelser3.pdf,FALSE,FALSE
Wu Yang Wu,Højre om,Bevægelse,Teori,https://www.taekwondo.dk/files/Forbund/Pensum/oversaettelser3.pdf,FALSE,TRUE
Yeop,Side,Diverse,8. kup,http://www.tangun.dk/images/stories/docs/8kup.pdf,FALSE,TRUE
Yeop goori,Siderne på kroppen,Anatomi,Teori,https://www.taekwondo.dk/files/Forbund/Pensum/oversaettelser3.pdf,FALSE,FALSE
Yeop Side,Side,Diverse,Teori,https://www.taekwondo.dk/files/Forbund/Pensum/oversaettelser3.pdf,FALSE,FALSE
Yeop-chagi,Sidespark,Benteknikker,8. kup,http://www.tangun.dk/images/stories/docs/8kup.pdf,FALSE,TRUE
Yeop-jireugi,Sideslag,Håndteknikker,6. kup,http://www.tangun.dk/images/stories/docs/6kup.pdf,FALSE,TRUE
Yi,Anden ( 2. ),Tal,9. kup,http://www.tangun.dk/images/stories/docs/9kup.pdf,FALSE,TRUE
Yook,Sjette ( 6. ),Tal,5. kup,http://www.tangun.dk/images/stories/docs/5kup.pdf,FALSE,TRUE
Yusot,Seks ( 6 ),Tal,7. kup,http://www.tangun.dk/images/stories/docs/7kup.pdf,FALSE,TRUE
Zuu,Hvil/slap af,Diverse,10. kup,http://www.tangun.dk/images/stories/docs/10kup.pdf,FALSE,TRUE
Zuu,Slap af,Diverse,Teori,https://www.taekwondo.dk/files/Forbund/Pensum/oversaettelser3.pdf,FALSE,FALSE